<?xml version='1.0' encoding='UTF-8'?>
<rss version="2.0">
	<channel>
		<title><![CDATA[果拾网]]></title>
		<link><![CDATA[http://www.yunwangjun.cn]]></link>
		<descrīption><![CDATA[果拾网]]></descrīption>
		<language>zh_CN</language>
		<copyright><![CDATA[AppleOct]]></copyright>
		<pubDate>2015-08-08 14:17:21</pubDate>
		<lastBuildDate>2015-08-08 14:17:21</lastBuildDate>
		<generator>zswinBlog RSS Generator</generator>
		<item>
			<title><![CDATA[Nginx 防御CC攻击的两种方法]]></title>
			<link><![CDATA[/index.php/artc/1.shtml]]></link>
			<descrīption><![CDATA[CC攻击可以归为DDoS攻击的一种。他们之间都原理都是一样的，即发送大量的请求数据来导致服务器拒绝服务，是一种连接攻击。CC攻击又可分为代理CC攻击，和肉鸡CC攻击。代理CC攻击是黑客借助代理服务器生成指向受害主机的合法网页请求，实现DOS，和伪装就叫：cc（ChallengeCollapsar）。而肉鸡CC攻击是黑客使用CC攻击软件，控制大量肉鸡，发动攻击，相比来后者比前者更难防御。因为肉鸡可以模拟正常用户访问网站的请求。伪造成合法数据包。防御CC攻击可以通过多种方法，禁止网站代理访问，尽量将网站做成静态页面，限制连接数量等。<br />
&nbsp;<br />
Nginx是一款轻量级的Web服务器，由俄罗斯的程序设计师Igor Sysoev所开发，最初供俄国大型的入口网站及搜寻引Rambler使用。 其特点是占有内存少，并发能力强，事实上Nginx的并发能力确实在同类型的网站服务器中表现较好。<br />
<br />
Nginx虽然可以比Apache处理更大的连接数，但是HTTP GET FLOOD针对的不仅仅是WEB服务器，还有数据库服务器。大量HTTP请求产生了大量的数据库查询，可以在几秒之内使数据库停止响应，系统负载升高，最终导致服务器当机。<br />
<br />
本文主要介绍CentOS+Nginx下如何快速有效得防御CC攻击。至于如何安装Nginx就不详细介绍了，有兴趣的读者可以在Nginx官方网站（http://www.nginx.org/）下载源代码进行编译。如果你使用的是Centos5，也可以使用rpm包进行安装（http://centos.alt.ru/repository/centos/5/i386/nginx-stable-0.7.65-1.el5.i386.rpm）。<br />
&nbsp;<br />
<br />
主动抑制方法<br />
为了让Nginx支持更多的并发连接数，根据实际情况对工作线程数和每个工作线程支持的最大连接数进行调整。例如设置“worker_processes 10”和“worker_connections 1024”，那这台服务器支持的最大连接数就是10×1024=10240。<br />
&nbsp; &nbsp;&nbsp;<br />
worker_processes 10;<br />
events {<br />
use epoll;<br />
worker_connections 10240;<br />
}<br />
&nbsp;<br />
Nginx 0.7开始提供了2个限制用户连接的模块：NginxHttpLimitZoneModule和NginxHttpLimitReqModule。NginxHttpLimitZoneModule可以根据条件进行并发连接数控制。<br />
<br />
例如可以定义以下代码：<br />
&nbsp;<br />
&nbsp; &nbsp;&nbsp;<br />
http {<br />
limit_zone &nbsp; my_zone &nbsp;$binary_remote_addr &nbsp;10m;<br />
server {<br />
location /somedir/ {<br />
limit_conn &nbsp; my_zone &nbsp;1;<br />
}<br />
}<br />
}<br />
&nbsp;<br />
其中“limit_zone my_zone $binary_remote_addr 10m”的意思是定义一个名称为my_zone的存储区域、my_zone中的内容为远程IP地址、my_zone的大小为10M；“location /somedir/”的意思是针对somedir目录应用规则；“limit_conn my_zone 1”的意思是针对上面定义的my_zone记录区记录的IP地址在指定的目录中只能建立一个连接。<br />
<br />
NginxHttpLimitReqModule可以根据条件进行请求频率的控制。例如可以定义以下代码：<br />
&nbsp;<br />
&nbsp; &nbsp;&nbsp;<br />
http {<br />
limit_req_zone &nbsp;$binary_remote_addr &nbsp;zone=my_req_zone:10m &nbsp; rate=1r/s;<br />
...<br />
server {<br />
...<br />
location /somedir/ {<br />
limit_req_zone &nbsp; zone= my_req_zone &nbsp;burst=2;<br />
}<br />
Discuz!是使用比较多的一个php论坛程序。以Discuz!7.0为例，程序目录下有比较多的可以直接访问的php文件，但其中最容易受到攻击的一般有index.php（首页）、forumdisplay.php（板块显示）、viewthread.php（帖子显示）。攻击者一般会对这些页面发起大量的请求，导致HTTP服务器连接数耗尽、mysql数据库停止响应，最终导致服务器崩溃。为了防止上述页面被攻击，我们可以设定以下的规则进行防御：<br />
&nbsp;<br />
&nbsp; &nbsp;&nbsp;<br />
http {<br />
limit_zone &nbsp; myzone_bbs &nbsp;$binary_remote_addr &nbsp;10m;<br />
limit_req_zone $binary_remote_addr zone=bbs:10m rate=1r/s;<br />
...<br />
server {<br />
...<br />
location ~ ^/bbs/(index|forumdisplay|viewthread).php$ {<br />
limit_conn &nbsp; myzone_bbs &nbsp;3;<br />
limit_req zone=bbs burst=2 nodelay;<br />
root &nbsp; html;<br />
fastcgi_pass &nbsp; unix:/dev/shm/php-cgi.sock;<br />
fastcgi_index &nbsp;index.php;<br />
fastcgi_param &nbsp;SCRIPT_FILENAME &nbsp;/usr/share/nginx/html$fastcgi_script_name;<br />
includefastcgi_params;<br />
}<br />
}<br />
}<br />
应用这条规则后，bbs目录下的index.php、forumdisplay.php和viewthread.php这些页面同一个IP只许建立3个连接，并且每秒只能有1个请求（突发请求可以达到2个）。虽然这样的规则一般来说对正常的用户不会产生影响（极少有人在1秒内打开3个页面），但是为了防止影响那些手快的用户访问，可以在nginx中自定义503页面，503页面对用户进行提示，然后自动刷新。在Nginx中自定义503页面：<br />
error_page &nbsp; 503 &nbsp; /errpage/503.html;<br />
503页面的源代码：<br />
&nbsp;<br />
&nbsp; &nbsp;&nbsp;<br />
&lt;html&gt;<br />
&lt; head&gt;<br />
&lt; title&gt;页面即将载入....&lt;/title&gt;<br />
&lt; meta http-equiv=content-type c&gt;<br />
&lt; META NAME="ROBOTS" C&gt;<br />
&lt; /head&gt;<br />
&lt; body bgcolor="#FFFFFF"&gt;<br />
&lt; table cellpadding="0" cellspacing="0" border="0" width="700" align="center"height="85%"&gt;<br />
&lt;tr align="center" valign="middle"&gt;<br />
&lt;td&gt;<br />
&lt;table cellpadding="10" cellspacing="0" border="0" width="80%" align="center"style="font-family: Verdana, Tahoma; color: #666666; font-size: 11px"&gt;<br />
&lt;tr&gt;<br />
&lt;td valign="middle" align="center" bgcolor="#EBEBEB"&gt;<br />
&lt;br /&gt;&lt;b style="font-size: 16px"&gt;页面即将载入&lt;/b&gt;<br />
&lt;br /&gt;&lt;br /&gt;你刷新页面的速度过快。请少安毋躁，页面即将载入...<br />
&lt;br /&gt;&lt;br /&gt;[&lt;a href="javascript:window.location.reload();"&gt;&lt;fontcolor=#666666&gt;立即重新载入&lt;/font&gt;&lt;/a&gt;]<br />
&lt;br /&gt;&lt;br /&gt;<br />
&lt;/td&gt;<br />
&lt;/tr&gt;<br />
&lt;/table&gt;<br />
&lt;/td&gt;<br />
&lt;/tr&gt;<br />
&lt; /table&gt;<br />
&lt; /body&gt;<br />
&lt; /html&gt;<br />
&lt; SCRIPT language=javascript&gt;<br />
function update()<br />
{<br />
window.location.reload();<br />
}<br />
setTimeout("update()",2000);<br />
&lt; /script&gt;<br />
被动防御方法<br />
虽然主动防御已经抵挡了大多数HTTP GET FLOOD攻击，但是道高一尺魔高一丈，攻击者会总会找到你薄弱的环节进行攻击。所以我们在这里也要介绍一下被动防御的一些方法。<br />
<br />
封IP地址<br />
<br />
访问者通过浏览器正常访问网站，与服务器建立的连接一般不会超过20个，我们可以通过脚本禁止连接数过大的IP访问。以下脚本通过netstat命令列举所有连接，将连接数最高的一个IP如果连接数超过150，则通过 iptables阻止访问：<br />
&nbsp;<br />
&nbsp; &nbsp;&nbsp;<br />
#!/bin/sh<br />
status=`netstat -na|awk '$5 ~ /[0-9]+:[0-9]+/ {print $5}' |awk -F ":" --'{print $1}' |sort -n|uniq -c |sort -n|tail -n 1`<br />
NUM=`echo $status|awk '{print $1}'`<br />
IP=`echo $status|awk '{print $2}'`<br />
result=`echo "$NUM &gt; 150" | bc`<br />
if [ $result = 1 ]<br />
then<br />
echo IP:$IP is over $NUM, BAN IT!<br />
/sbin/iptables -I INPUT -s $IP -j DROP<br />
fi<br />
运行crontab -e，将上述脚本添加到crontab每分钟自动运行：<br />
* * * * * /root/xxxx.sh<br />
<br />
通过apache自带的ab工具进行服务器压力测试：<br />
<br />
# ab -n 1000 -c 100 http://www.xxx.com/bbs/index.php<br />
<br />
测试完成后，我们就可以看到系统中有IP被封的提示：<br />
&nbsp;<br />
&nbsp; &nbsp;&nbsp;<br />
#tail /var/spool/mail/root<br />
Content-Type: text/plain; charset=ANSI_X3.4-1968<br />
&nbsp;Auto-Submitted: auto-generated<br />
&nbsp;X-Cron-Env: &lt;Shell=/bin/sh&gt;<br />
&nbsp;X-Cron-Env: &lt;HOME=/root&gt;<br />
&nbsp;X-Cron-Env: &lt;;PATH=/usr/bin:/bin&gt;<br />
&nbsp;X-Cron-Env: &lt;LOGNAME=root&gt;<br />
&nbsp;X-Cron-Env: &lt;USER=root&gt;<br />
IP:58.246.xx.xx is over 1047, BAN IT!<br />
至此，又一次HTTP GET FLOOD防御成功。<br />
<br />
根据特征码屏蔽请求（对CC攻击效果较好）<br />
<br />
一般同一种CC攻击工具发起的攻击请求包总是相同的，而且和正常请求有所差异。当服务器遭遇CC攻击时，我们可以快速查看日志，分析其请求的特征，比如User-agent。下面的是某一次CC攻击时的User-agent，Mozilla/4.0 (compatible; MSIE 5.01; Windows NT 5.0; MyIE 3.01)Cache-Control: no-store, must-revalidate几乎没有正常的浏览器会在User-agent中带上“must-revalidate”这样的关键字。所以我们可以以这个为特征进行过滤，将User-agent中带有“must-revalidate”的请求全部拒绝访问：<br />
&nbsp;<br />
&nbsp; &nbsp;&nbsp;<br />
if ($http_user_agent ~ must-revalidate) {<br />
return 403;<br />
}<br />
本文主要介绍了nginx下的HTTP GET FLOOD防御，如果有不对的地方，希望大家可以向我提出。同时，也希望大家能够举一反三，把这种思路应用到apache、lighttpd等常见的web服务器中。<br />]]></descrīption>
			<pubDate>2015-08-06 18:38:36</pubDate>
			<author>wangjun</author>
			<guid>1</guid>
		</item>
		<item>
			<title><![CDATA[CentOS服务器安全技巧]]></title>
			<link><![CDATA[/index.php/artc/2.shtml]]></link>
			<descrīption><![CDATA[毋庸置疑，对于系统管理员，提高服务器的安全性是最重要的事情之一。因此，也就有了许多针对这个话题而生的文章、博客和论坛帖子。<br />
<br />
一台服务器由大量功能各异的部件组成，这一点使得很难根据每个人的需求去提供定制的解决方案。这篇文章尽可能涵盖一些有所裨益的小技巧来帮助管理员保证服务器和用户安全。<br />
<br />
有一些常识是每个系统管理员都应该烂熟于心的，所以下面的几点在本文将不会提及：<br />
<br />
务必保证系统是 最新的<br />
经常更换密码 - 使用数字、字母和非字母的符号组合<br />
给予用户 最小 的权限，满足他们日常使用所需即可<br />
只安装那些真正需要的软件包<br />
<br />
<br />
下面是一些更有意思的内容：<br />
<br />
更改SSH默认端口<br />
在搭建好一台全新的服务器后要做的第一件事情就是更改SSH的默认端口。这个小小的改动能够使你的服务器避免受到成千上万的暴力攻击（LCTT 译注：不更改默认端口相当于黑客们知道你家的门牌号，这样他们只需要一把一把的试钥匙就可能打开你家的锁）。<br />
<br />
要更改默认的SSH端口，先打开sshd_config文件：<br />
<br />
sudo vim /etc/ssh/sshd_config<br />
找到下面这行：<br />
<br />
#Port 22<br />
“#”号表示这行是注释。首先删除#号，然后把端口号改成目的端口。端口号不能超过65535，确保要指定的端口号没有被系统或其它服务占用。建议在[维基百科]上查看常用端口号列表。在本文中，使用这个端口号：<br />
<br />
Port 16543<br />
然后保存并关闭文件，等待更改生效。<br />
<br />
接下来的一步是：<br />
<br />
使用SSH密钥认证<br />
在通过SSH访问服务器时，使用SSH密钥进行认证是尤其重要的。这样做为服务器增加了额外的保护，确保只有那些拥有密钥的人才能访问服务器。<br />
<br />
在本地机器上运行下面命令以生成SSH密钥：<br />
<br />
ssh-keygen -t rsa<br />
你会看到下面的输出，询问要将密钥写到哪一个文件里，并且设置一个密码：<br />
<br />
Generating public/private rsa key pair.<br />
Enter file in which to save the key (/root/.ssh/id_rsa): my_key<br />
Enter passphrase (empty for no passphrase):&nbsp;<br />
Enter same passphrase again:&nbsp;<br />
Your identification has been saved in my_key.<br />
Your public key has been saved in my_key.pub.<br />
The key fingerprint is:<br />
SHA256:MqD/pzzTRsCjZb6mpfjyrr5v1pJLBcgprR5tjNoI20A<br />
完成之后，就得到两个文件：<br />
<br />
my_key<br />
<br />
my_key.pub<br />
<br />
接下来把my_key.pub拷贝到~/.ssh/authorized_key中<br />
<br />
cp my_key.pub ~/.ssh/authorized_keys<br />
然后使用下面命令将密钥上传到服务器：<br />
<br />
scp -P16543 authorized_keys user@yourserver-ip:/home/user/.ssh/<br />
至此，你就可以从这台本地机器上无密码地访问服务器了。<br />
<br />
关闭SSH的密码认证<br />
既然已经有了SSH密钥，那么关闭SSH的密码认证就会更安全了。再次打开并编辑sshd_config，按如下设置：<br />
<br />
ChallengeResponseAuthentication no<br />
PasswordAuthentication no<br />
UsePAM no<br />
关闭Root登录<br />
下面关键的一步是关闭root用户的直接访问，而使用sudo或su来执行管理员任务。首先需要添加一个有root权限的新用户，所以编辑这个路径下的sudoers文件：<br />
<br />
/etc/sudoers/<br />
推荐使用如 visudo 这样的命令编辑该文件，因为它会在关闭文件之前检查任何可能出现的语法错误。当你在编辑文件时出错了，这就很有用了。<br />
<br />
接下来赋予某个用户root权限。在本文中，使用用户 sysadmin 。确保在编辑后这个文件时使用的用户是系统已有的用户。找到下面这行：<br />
<br />
root ALL=(ALL) ALL<br />
拷贝这行，然后粘贴在下一行，然后把root更改为“sysadmin”，如下所示：<br />
<br />
root ALL=(ALL) ALL<br />
sysadmin ALL=(ALL) ALL<br />
现在解释一下这行的每一个选项的含义：<br />
<br />
(1) root &nbsp;(2)ALL=(3)(ALL) (4)ALL<br />
(1) 指定用户<br />
<br />
(2) 指定用户使用sudo的终端<br />
<br />
(3) 指定用户可以担任的用户角色<br />
<br />
(4) 这个用户可以使用的命令<br />
<br />
（LCTT 译注：所以上面的配置是意思是：root 用户可以在任何终端担任任何用户，执行任何命令。）<br />
<br />
使用这个配置可以给用户访问一些系统工具的权限。<br />
<br />
这时，可以放心保存文件了。<br />
<br />
为了关闭通过SSH直接访问root，需要再次打开 sshd_config ，找到下面这行：<br />
<br />
#PermitRootLogin yes<br />
更改为：<br />
<br />
PermitRootLogin no<br />
然后保存文件，重启sshd守护进程使改动生效。执行下面命令即可：<br />
<br />
sudo /etc/init.d/sshd restart<br />
设置防火墙<br />
防火墙有助于过滤出入端口和阻止使用暴力法的登录尝试。我倾向于使用SCF(Config Server Firewall)这个强力防火墙。它使用了iptables，易于管理，而且对于不擅于输入命令的用户提供了web界面。<br />
<br />
要安装CSF，先登录到服务器，切换到这个目录下：<br />
<br />
cd /usr/local/src/<br />
然后以root权限执行下面命令：<br />
<br />
wget https://download.configserver.com/csf.tgz<br />
tar -xzf csf.tgz<br />
cd csf<br />
sh install.sh<br />
只需等待安装程序完成，然后编辑CSF的配置文件：<br />
<br />
/etc/csf/csf.conf<br />
默认情况下CSF是以测试模式运行。通过将“TESTING”的值设置成0，切换到product模式。<br />
<br />
TESTING = "0"<br />
下面要设置的就是服务器上允许通过的端口。在csf.conf中定位到下面的部分，根据需要修改端口：<br />
<br />
# 允许入站的 TCP 端口<br />
TCP_IN = "20,21,25,53,80,110,143,443,465,587,993,995,16543"<br />
# 允许出站的 TCP 端口<br />
TCP_OUT = "20,21,22,25,53,80,110,113,443,587,993,995,16543"<br />
# 允许入站的 UDP 端口<br />
UDP_IN = "20,21,53"<br />
# 允许出站的 UDP 端口<br />
# 要允许发出 traceroute 请求，请加 33434:33523 端口范围到该列表&nbsp;<br />
UDP_OUT = "20,21,53,113,123"<br />
请根据需要逐一设置，推荐只使用那些需要的端口，避免设置对端口进行大范围设置。此外，也要避免使用不安全服务的不安全端口。比如只允许端口465和587来发送电子邮件，取代默认的SMTP端口25。（LCTT 译注：前提是你的邮件服务器支持 SMTPS）<br />
<br />
重要 ：千万不要忘记允许自定义的 ssh 端口。<br />
<br />
允许你的IP地址通过防火墙，而绝不被屏蔽，这一点很重要。IP地址定义在下面的文件中：<br />
<br />
/etc/csf/csf.ignore<br />
被屏蔽了的IP地址会出现在这个文件中：<br />
<br />
/etc/csf/csf.deny<br />
一旦完成更改，使用这个命令重启csf：<br />
<br />
sudo /etc/init.d/csf restart<br />
下面是在某台服务器上的csf.deny文件的部分内容，来说明CSF是很有用的：<br />
<br />
.216.48.205 # lfd: (sshd) Failed SSH login from 211.216.48.205 (KR/Korea, Republic of/-): 5 in the last 3600 secs - Fri Mar 6 00:30:35 2015<br />
.41.124.53 # lfd: (sshd) Failed SSH login from 103.41.124.53 (HK/Hong Kong/-): 5 in the last 3600 secs - Fri Mar 6 01:06:46 2015<br />
.41.124.42 # lfd: (sshd) Failed SSH login from 103.41.124.42 (HK/Hong Kong/-): 5 in the last 3600 secs - Fri Mar 6 01:59:04 2015<br />
.41.124.26 # lfd: (sshd) Failed SSH login from 103.41.124.26 (HK/Hong Kong/-): 5 in the last 3600 secs - Fri Mar 6 02:48:26 2015<br />
.169.74.58 # lfd: (sshd) Failed SSH login from 109.169.74.58 (GB/United Kingdom/mail2.algeos.com): 5 in the last 3600 secs - Fri Mar 6 03:49:03 2015<br />
可以看到，尝试通过暴力法登录的IP地址都被屏蔽了，真是眼不见心不烦啊！<br />
<br />
锁住账户<br />
如果某个账户在很长一段时间内都不会被使用了，那么可以将其锁住以防止其它人访问。使用如下命令：<br />
<br />
passwd -l accountName<br />
当然，这个账户依然可以被root用户使用（LCTT 译注：可用 su 切换为该账号）。<br />
<br />
了解服务器上的服务<br />
服务器的本质是为各种服务提供访问功能。使服务器只运行所需的服务，关闭没有使用的服务。这样做不仅会释放一些系统资源，而且也会使服务器变得更加安全。比如，如果只是运行一个简单的服务器，显然不需要X显示或者桌面环境。如果不需要Windows网络共享功能，则可以放心关闭Samba。<br />
<br />
使用下面的命令能查看伴随系统启动而启动的服务：<br />
<br />
chkconfig --list | grep "3n"<br />
如果系统运行了 systemd ，执行这条命令：<br />
<br />
systemctl list-unit-files --type=service | grep enabled<br />
然后使用下面的命令关闭服务：<br />
<br />
chkconfig service off<br />
或<br />
systemctl disable service<br />
在上面的例子中，把“service”替换成真正想要停止的服务名称。实例如下：<br />
<br />
chkconfig httpd off<br />
或<br />
systemctl disable httpd<br />
小结<br />
这篇文章的目的是涵盖一些通用的安全步骤以便帮助你保护服务器。你可以采取更多方式去增强对服务器的保护。请记住保证服务器安全是你的责任，在维护服务器安全时尽量做出明智的选择，尽管并没有什么容易的方式去完成这件事情，而建立“完善的”安全需要花费大量的时间和测试直到达到想要的结果。<br />]]></descrīption>
			<pubDate>2015-08-06 18:39:45</pubDate>
			<author>wangjun</author>
			<guid>2</guid>
		</item>
		<item>
			<title><![CDATA[分享十五个NodeJS应用场景]]></title>
			<link><![CDATA[/index.php/artc/3.shtml]]></link>
			<descrīption><![CDATA[1 Web开发：Express + EJS + Mongoose/MySQL<br />
express 是轻量灵活的Nodejs Web应用框架，它可以快速地搭建网站。Express框架建立在Nodejs内置的Http模块上，并对Http模块再包装，从而实际Web请求处理的功能。<br />
ejs是一个嵌入的Javascript模板引擎，通过编译生成HTML的代码。<br />
mongoose 是MongoDB的对象模型工具，通过Mongoose框架，可以进行访问MongoDB的操作。<br />
mysql 是连接MySQL数据库的通信API，可以进行访问MySQL的操作。<br />
通常用Nodejs做Web开发，需要3个框架配合使用，就像Java中的SSH。<br />
<br />
2 REST开发：Restify<br />
restify 是一个基于Nodejs的REST应用框架，支持服务器端和客户端。restify比起express更专注于REST服务，去掉了express中的template, render等功能，同时强化了REST协议使用，版本化支持，HTTP的异常处理。<br />
<br />
3 Web聊天室(IM)：Express + Socket.io<br />
socket.io一个是基于Nodejs架构体系的，支持websocket的协议用于时时通信的一个软件包。socket.io 给跨浏览器构建实时应用提供了完整的封装，socket.io完全由javascript实现。<br />
<br />
4 Web爬虫：Cheerio/Request<br />
cheerio 是一个为服务器特别定制的，快速、灵活、封装jQuery核心功能工具包。Cheerio包括了 jQuery核心的子集，从jQuery库中去除了所有DOM不一致性和浏览器不兼容的部分，揭示了它真正优雅的API。Cheerio工作在一个非常简 单，一致的DOM模型之上，解析、操作、渲染都变得难以置信的高效。基础的端到端的基准测试显示Cheerio大约比JSDOM快八倍(8x)。 Cheerio封装了@FB55兼容的htmlparser，几乎能够解析任何的 HTML 和 XML document。<br />
<br />
5 Web博客：Hexo<br />
Hexo 是一个简单地、轻量地、基于Node的一个静态博客框架。通过Hexo我们可以快速创建自己的博客，仅需要几条命令就可以完成。<br />
发布时，Hexo可以部署在自己的Node服务器上面，也可以部署github上面。对于个人用户来说，部署在github上好处颇多，不仅可以省 去服务器的成本，还可以减少各种系统运维的麻烦事(系统管理、备份、网络)。所以，基于github的个人站点，正在开始流行起来….<br />
<br />
6 Web论坛: nodeclub<br />
Node Club 是用 Node.js 和 MongoDB 开发的新型社区软件，界面优雅，功能丰富，小巧迅速， 已在Node.js 中文技术社区 CNode 得到应用，但你完全可以用它搭建自己的社区。<br />
<br />
7 Web幻灯片：Cleaver<br />
Cleaver 可以生成基于Markdown的演示文稿。如果你已经有了一个Markdown的文档，30秒就可以制作成幻灯片。Cleaver是为Hacker准备的工具。<br />
<br />
8 前端包管理平台: bower.js<br />
Bower 是 twitter 推出的一款包管理工具，基于nodejs的模块化思想，把功能分散到各个模块中，让模块和模块之间存在联系，通过 Bower 来管理模块间的这种联系。<br />
<br />
9 OAuth认证：Passport<br />
Passport项 目是一个基于Nodejs的认证中间件。Passport目的只是为了“登陆认证”，因此，代码干净，易维护，可以方便地集成到其他的应用中。Web应用 一般有2种登陆认证的形式：用户名和密码认证登陆,OAuth认证登陆。Passport可以根据应用程序的特点，配置不同的认证机制。本文将介绍，用户 名和密码的认证登陆。<br />
<br />
10 定时任务工具: later<br />
Later 是一个基于Nodejs的工具库，用最简单的方式执行定时任务。Later可以运行在Node和浏览器中。<br />
<br />
11 浏览器环境工具: browserify<br />
Browserify 的出现可以让Nodejs模块跑在浏览器中，用require()的语法格式来组织前端的代码，加载npm的模块。在浏览器中，调用browserify编译后的代码，同样写在<br />]]></descrīption>
			<pubDate>2015-08-07 15:55:31</pubDate>
			<author>wangjun</author>
			<guid>3</guid>
		</item>
		<item>
			<title><![CDATA[Nodejs学习路线图]]></title>
			<link><![CDATA[/index.php/artc/4.shtml]]></link>
			<descrīption><![CDATA[从零开始nodejs系列文章，将介绍如何利Javascript做为服务端脚本，通过Nodejs框架web开发。Nodejs框架是基于V8的引擎，是目前速度最快的Javascript引擎。chrome浏览器就基于V8，同时打开20-30个网页都很流畅。Nodejs标准的web开发框架Express，可以帮助我们迅速建立web站点，比起PHP的开发效率更高，而且学习曲线更低。非常适合小型网站，个性化网站，我们自己的Geek网站！！<br />
<br />
关于作者<br />
<br />
张丹(Conan), 程序员Java,R,PHP,Javascript<br />
weibo：@Conan_Z<br />
blog: http://blog.fens.me<br />
email: bsspirit@gmail.com<br />
转载请注明出处：<br />
http://blog.fens.me/nodejs-roadmap/<br />
<br />
nodejs-roadmap<br />
<br />
前言<br />
<br />
用Nodejs已经1年有余，陆陆续续写了48篇关于Nodejs的博客文章，用过的包有上百个。和所有人一样，我也从Web开发开始，然后到包管理，再到应用系统的开发，最后开源自己的Nodejs项目。一路走来，Nodejs已经成为我做Web项目的标配。我非常愿意把原Java、PHP的Web系统向Nodejs迁移，因为1个人可以很容易的完成10个人的活了。<br />
<br />
本文把我的学习和使用经验进行归纳总结，希望给新入门Nodejs的同学做一些指引。<br />
<br />
目录<br />
<br />
Nodejs的介绍<br />
15个Nodejs应用场景<br />
Nodejs学习路线图<br />
1. Nodejs的介绍<br />
Node.js的是建立在Chrome的JavaScript的运行时，可方便地构建快速，可扩展的网络应用程序的平台。Node.js使用事件驱动，非阻塞I/O模型，轻量、高效，可以完美地处理时时数据，运行在不同的设备上。<br />
<br />
1.1. 谁在用Nodejs?<br />
<br />
从Nodejs官方网站的企业登记页(https://github.com/joyent/node/wiki/Projects,-Applications,-and-Companies-Using-Node)，包括我们熟知的公司有LinkedIn, Yahoo, Paypal, eBay, Walmart，Groupon 还有很多的中小型公司，国内的公司如雪球、淘宝、网易、百度等也都有很多项目运行在Node.js之上。<br />
<br />
logo<br />
<br />
这些公司不仅是尝试在用，而且都在向Nodejs迁移。截止到2014年6月本文发稿时，已经有79693包在npm.org上面发布，而且这个数字还在快速增长中。<br />
<br />
那么接下来，大家肯定都会问为什么要是用Nodejs呢？<br />
<br />
1.2. 为什么要用Nodejs?<br />
<br />
从我使用体会来说，Node有4大优势：<br />
<br />
1. Nodejs基于Javascript语言，不用再单独新学一门陌生的语言，从而减低了学习的门槛。同时，Javascript语言在Web前端开发中至关重要，特别HTML5的应用必须要使用，所以前后台统一语言，不仅可以实现程序员的全栈开发，还可以统一公共类库，代码标准化。单凭这一点，Nodejs就已经赢得市场的青睐了。<br />
2. Nodejs并没有重新开发运行时环境，而是选择了目前最快的浏览器内核V8做为执行引擎，保证了Nodejs的性能和稳定性。<br />
3. Nodejs的开发非常高效，而且代码简单，得益于Nodejs的单线程机制。而Nodejs的另一个特点异步编程，让Nodejs处理IO密集型应用有了明显的优势。个人感觉，用Nodejs比Java做Web开发要高效10倍，比PHP的代码还要简单。<br />
4. Nodejs的社区在壮大，不仅包的数量在快速增加，而且包的质量也要明显好于其他语言的。很多明星级的包，都是简单而灵巧的，为了开发者的使用习惯而设计。我最常用到的工具包，如socket.io, moment.js, underscore.js, async.js, express.js, bower.js, grunt.js, forever.js…，确实在改变我以前的编程习惯。<br />
当然，除了我使用Nodejs的理由，很多公司也都有自己的使用理由。<br />
<br />
ebay选择Nodejs的理由，可以归纳为以下4点：<br />
<br />
动态语言：开发效率非常高，并有能力构建复杂系统，如ql.io。<br />
性能和I/O负载：Nodejs非常好的解决了IO密集的问题，通过异步IO来实现。<br />
连接的内存开销：每个Node.js进程可以支持超过12万活跃的连接，每个连接消耗大约2K的内存。<br />
操作性：实现了Nodejs对于内存堆栈的监控系统。<br />
1.3. Nodejs不适合的领域<br />
<br />
每一种语言或平台都有不擅长领域，对于Nodejs来说最不擅长的领域在于CPU和内存的编程操作。<br />
<br />
1. 计算密集型应用，让Javascript和C去拼计算性能，估计是不可能赢的。<br />
2. 内存控制，让Javascript和Java比较复杂数据类型定义，也是很困难的。因为Javascript的面向对象是基于JSON的，而Java是直接使用内存结构。所以，通过JSON序列化和反序列的过程控制内存，Javascript就已经输了。<br />
3. 大内存的应用，由于V8引擎有内存设计的限制，32位环境中最大堆是1G，64位环境中最大堆也不到2G，如果要一次读入10G数据，对于Nodejs来说也无法实现。<br />
4. 静态服务器，虽然Nodejs的优势在IO密集集应用，但是和Nginx的处理静态资源还是有很大的差距。<br />
5. 不需要异步的应用：比如系统管理，自行化脚本等，还是Python更顺手，Nodejs的异步调用可能会给编程带来一些麻烦。<br />
2. 15个Nodejs应用场景<br />
我们已经对Nodejs有了初步的了解，接下来看看Nodejs的应用场景。<br />
<br />
2.1 Web开发：Express + EJS + Mongoose/MySQL<br />
<br />
express 是轻量灵活的Nodejs Web应用框架，它可以快速地搭建网站。Express框架建立在Nodejs内置的Http模块上，并对Http模块再包装，从而实际Web请求处理的功能。<br />
<br />
ejs是一个嵌入的Javascript模板引擎，通过编译生成HTML的代码。<br />
<br />
mongoose 是MongoDB的对象模型工具，通过Mongoose框架，可以进行访问MongoDB的操作。<br />
<br />
mysql 是连接MySQL数据库的通信API，可以进行访问MySQL的操作。<br />
<br />
通常用Nodejs做Web开发，需要3个框架配合使用，就像Java中的SSH。<br />
<br />
<br />
<br />
2.2 REST开发：Restify<br />
<br />
restify 是一个基于Nodejs的REST应用框架，支持服务器端和客户端。restify比起express更专注于REST服务，去掉了express中的template, render等功能，同时强化了REST协议使用，版本化支持，HTTP的异常处理。<br />
<br />
<br />
<br />
2.3 Web聊天室(IM)：Express + Socket.io<br />
<br />
socket.io一个是基于Nodejs架构体系的，支持websocket的协议用于时时通信的一个软件包。socket.io 给跨浏览器构建实时应用提供了完整的封装，socket.io完全由javascript实现。<br />
<br />
<br />
<br />
2.4 Web爬虫：Cheerio/Request<br />
<br />
cheerio 是一个为服务器特别定制的，快速、灵活、封装jQuery核心功能工具包。Cheerio包括了 jQuery核心的子集，从jQuery库中去除了所有DOM不一致性和浏览器不兼容的部分，揭示了它真正优雅的API。Cheerio工作在一个非常简单，一致的DOM模型之上，解析、操作、渲染都变得难以置信的高效。基础的端到端的基准测试显示Cheerio大约比JSDOM快八倍(8x)。Cheerio封装了@FB55兼容的htmlparser，几乎能够解析任何的 HTML 和 XML document。<br />
<br />
<br />
<br />
2.5 Web博客：Hexo<br />
<br />
Hexo 是一个简单地、轻量地、基于Node的一个静态博客框架。通过Hexo我们可以快速创建自己的博客，仅需要几条命令就可以完成。<br />
<br />
发布时，Hexo可以部署在自己的Node服务器上面，也可以部署github上面。对于个人用户来说，部署在github上好处颇多，不仅可以省去服务器的成本，还可以减少各种系统运维的麻烦事(系统管理、备份、网络)。所以，基于github的个人站点，正在开始流行起来….<br />
<br />
<br />
<br />
2.6 Web论坛: nodeclub<br />
<br />
Node Club 是用 Node.js 和 MongoDB 开发的新型社区软件，界面优雅，功能丰富，小巧迅速， 已在Node.js 中文技术社区 CNode 得到应用，但你完全可以用它搭建自己的社区。<br />
<br />
<br />
<br />
2.7 Web幻灯片：Cleaver<br />
<br />
Cleaver 可以生成基于Markdown的演示文稿。如果你已经有了一个Markdown的文档，30秒就可以制作成幻灯片。Cleaver是为Hacker准备的工具。<br />
<br />
<br />
<br />
2.8 前端包管理平台: bower.js<br />
<br />
Bower 是 twitter 推出的一款包管理工具，基于nodejs的模块化思想，把功能分散到各个模块中，让模块和模块之间存在联系，通过 Bower 来管理模块间的这种联系。<br />
<br />
<br />
<br />
2.9 OAuth认证：Passport<br />
<br />
Passport项目是一个基于Nodejs的认证中间件。Passport目的只是为了“登陆认证”，因此，代码干净，易维护，可以方便地集成到其他的应用中。Web应用一般有2种登陆认证的形式：用户名和密码认证登陆,OAuth认证登陆。Passport可以根据应用程序的特点，配置不同的认证机制。本文将介绍，用户名和密码的认证登陆。<br />
<br />
<br />
<br />
2.10 定时任务工具: later<br />
<br />
Later 是一个基于Nodejs的工具库，用最简单的方式执行定时任务。Later可以运行在Node和浏览器中。<br />
<br />
<br />
<br />
2.11 浏览器环境工具: browserify<br />
<br />
Browserify 的出现可以让Nodejs模块跑在浏览器中，用require()的语法格式来组织前端的代码，加载npm的模块。在浏览器中，调用browserify编译后的代码，同样写在&lt;script&gt;标签中。<br />
<br />
用 Browserify 的操作，分为3个步骤。1. 写node程序或者模块, 2. 用Browserify 预编译成 bundle.js, 3. 在HTML页面中加载bundle.js。<br />
<br />
<br />
<br />
2.12 命令行编程工具：Commander<br />
<br />
commander 是一个轻巧的nodejs模块，提供了用户命令行输入和参数解析强大功能。commander源自一个同名的Ruby项目。commander的特性：自记录代码,自动生成帮助,合并短参数（“ABC”==“-A-B-C”）,默认选项,强制选项,命令解析,提示符。<br />
<br />
<br />
<br />
2.13 Web控制台工具: tty.js<br />
<br />
tty.js 是一个支持在浏览器中运行的命令行窗口，基于node.js平台，依赖socket.io库，通过websocket与Linux系统通信。特性：支持多tab窗口模型; 支持vim,mc,irssi,vifm语法; 支持xterm鼠标事件; 支持265色显示; 支持session。<br />
<br />
<br />
<br />
2.14 客户端应用工具: node-webwit<br />
<br />
Node-Webkit 是NodeJS与WebKit技术的融合，提供一个跨Windows、Linux平台的客户端应用开发的底层框架，利用流行的Web技术（Node.JS，JavaScript，HTML5）来编写应用程序的平台。应用程序开发人员可以轻松的利用Web技术来实现各种应用程序。Node-Webkit性能和特色已经让它成为当今世界领先的Web技术应用程序平台。<br />
<br />
<br />
<br />
2.15 操作系统: node-os<br />
<br />
NodeOS 是采用NodeJS开发的一款友好的操作系统，该操作系统是完全建立在Linux内核之上的，并且采用shell和NPM进行包管理，采用NodeJS不仅可以很好地进行包管理，还可以很好的管理脚本、接口等。目前，Docker和Vagrant都是采用NodeOS的首个版本进行构建的。<br />
<br />
<br />
<br />
3. Nodejs学习路线图<br />
我们看到Nodejs已经被广发地应用在各种的场景了，针对Nodejs的应用场景，我们应该如何学习Nodejs呢？<br />
<br />
以下内容是我整理的文档和教程，每个软件包对应一篇文章，大家可以根据自己的需要进行阅读，完整的文章列表，可以查看：从零开始nodejs系列文章。<br />
<br />
项目管理：npm,grunt, bower, yeoman<br />
Web开发：express,ejs,hexo, socket.io, restify, cleaver, stylus, browserify,cheerio<br />
工具包：underscore,moment,connet,later,log4js,passport,passport(oAuth),domain,require,reap,<br />
commander,retry<br />
数据库：mysql,mongoose,redis<br />
异步：async,wind<br />
部署：forever,pm2<br />
测试：jasmine,karma<br />
跨平台：rio,tty<br />
内核：cluster,http,request<br />
算法：ape-algorithm(快速排序),ape-algorithm(桶排序)<br />
Nodejs在快速的发展着，软件包版本升级的很快，文章有运行不通的地方请参考官方文档解决。我也会不定期更新文章，尽量保持文章代码的可用性。<br />
<br />
祝大家在Nodejs的世界里，享受开发的乐趣！<br />]]></descrīption>
			<pubDate>2015-08-07 16:05:14</pubDate>
			<author>wangjun</author>
			<guid>4</guid>
		</item>
		<item>
			<title><![CDATA[浅谈COOKIE和SESSION区别]]></title>
			<link><![CDATA[/index.php/artc/5.shtml]]></link>
			<descrīption><![CDATA[一、cookie介绍<br />
<br />
cookie 常用于识别用户。cookie 是服务器留在用户计算机中的小文件。每当相同的计算机通过浏览器请求页面时，它同时会发送 cookie。通过 PHP，您能够创建并取回 cookie 的值。<br />
<br />
1、设置Cookie<br />
<br />
PHP用SetCookie函数来设置Cookie。<br />
<br />
SetCookie函数定义了一个Cookie，并且把它附加在HTTP头的后面，SetCookie函数的原型如下： <br />
<br />
int SetCookie(string name, string value, int expire, string path, string domain, int secure);<br />
<br />
参数说明：cookie名称，cookie值，过期时间(int),有效路径，有限域名，https传递才有效<br />
<br />
注意：当前设置的Cookie不是立即生效的，而是要等到下一个页面时才能看到.这是由于在设置的这个页面里Cookie由服务器传递给客户浏览器，在下一个页面浏览器才能把Cookie从客户的机器里取出传回服务器的原因。<br />
<br />
使用例子：<br />
<br />
普通使用：<br />
<br />
setcookie('name','PHP淮北');<br />
<br />
带失效时间的： <br />
<br />
setcookie('name','PHP淮北',time()+24*60*60);//1day<br />
<br />
Cookie是面向路径的 ,默认存储在当前文件下,如果没有设置路径，不同文件下的cookie默认保存在不同文件夹下，如图：默认保存在mytest文件夹下<br />
<br />
2、接收和处理Cookie<br />
<br />
用户端与服务端的web通信协议是http。而PHP通过http取得用户数据惯用的三种方法分别是:POST方法、GET方法还有Cookie。而PHP默认传递方法正是Cookie,也是最佳方法。<br />
<br />
比如设置一个名为MyCookier的Cookie，PHP会自动从WEB服务器接收的HTTP头里把它分析出来，并形成一个与普通变量一样的变量，名为$myCookie，这个变量的值就是Cookie的值<br />
<br />
3，删除Cookie<br />
<br />
要删除一个已经存在的Cookie，有两个办法：<br />
<br />
一是调用只带有name参数的SetCookie，那么名为这个name的Cookie将被从关系户机上删掉；例如：setcookie('name','');<br />
<br />
另一个办法是设置Cookie的失效时间为time()或time()-1，那么这个Cookie在这个页面的浏览完之后就被删除了（其实是失效了）。 例如：setcookie('name','PHP淮北',time()-24*60*60); <br />
<br />
要注意的是，当一个Cookie被删除时，它的值在当前页在仍然有效的。 <br />
<br />
使用Cookie的注意事项：<br />
<br />
首先是必须在HTML文件的内容输出之前设置(Cookie是HTTP协议头的一部分，用于浏览器和服务器之间传递信息，所以必须在任何属于HTML文件本身的内容输出之前调用Cookie函数。<br />
<br />
在PHP页面可以先使用<br />
<br />
ob_start();//开启<br />
<br />
code…..<br />
<br />
ob_end_flush(); //刷新缓存<br />
<br />
可以防止header提示错误)；<br />
<br />
不同的浏览器对Cookie的处理机制不一样<br />
<br />
cookie限制是在客户端的。一个浏览器能创建的Cookie数量最多为30个，并且每个不能超过4KB，每个WEB站点能设置的Cookie总数不能超过20个。<br />
<br />
当前设置的Cookie不是立即生效的，而是要等到下一个页面时才能看到<br />
<br />
二、session介绍<br />
<br />
session机制是一种服务器端的机制，服务器使用一种类似于散列表的结构（也可能就是使用散列表）来保存信息，每一个网站访客都会被分配给一个唯一的标志符,即会话ID,它的存放形式无非两种:要么经过url传递,要么保存在客户端的Cookies里.当然,你也可以将Session保存到数据库里,这样会更安全,但效率方面会有所下降.url方式传递安全性肯定太差,PHP的会话机制是通过设置Cookie,在Cookie中保存会话id(Session ID),在服务器端会生成session文件,与用户进行关联,Web应用程序存储与这些Session相关的数据,并在各页面间进行传递.<br />
<br />
PHP相关函数<br />
<br />
在PHP中有关Session的函数比较多,不过我们最常用到的也就这么几个函数:<br />
<br />
session_start():启用session机制,在需要用到session的程序文件的最开始调用它.<br />
<br />
session_register():注册session变量<br />
<br />
session_unregister(): 删除session变量(一个一个删除)<br />
<br />
session_is_registered(): 判断session变量是否注册<br />
<br />
session_distroy(): 销毁所有session变量(所有session变量销毁，包括文件)<br />
<br />
需要注意下面几个方面:<br />
<br />
1.函数session_start()必须在程序最开始执行,在其前面不能有任何输出内容,否则<br />
<br />
就会出现“Warning:Cannot send session cookie - headers already<br />
<br />
sent"类似这样的警告信息.<br />
<br />
2.函数session_register()用于注册要保存在session中的相关变量,其用法如下:<br />
<br />
[php] view plaincopy<br />
<?php  <br />
   <br />
$val = "session value";  <br />
   <br />
session_register("val");  <br />
   <br />
?>  <br />
<br />
<br />
val即为要注册的session变量名,在注册时一定不要加上"$"符号,只写其变量名称即可.<br />
<br />
3.函数session_unregister()与上面函数用法完全相同,但功能相反,上面函数是注册<br />
<br />
session变量,而其则是删除指定的session变量.<br />
<br />
4.函数session_is_registered()用于判断session变量是否注册.<br />
<br />
5.函数session_destroy()主要用于在系统注销和退出时，销毁所有的session变量，它没有参数，直接调用即可。<br />
<br />
Session与PHP.ini的关系配置<br />
<br />
1,session.save_handler = file<br />
<br />
用于读取/回写session数据的方式，默认是files。它会让PHP的session管理函数使用指定的文本文件存储session数据<br />
<br />
2,session.save_path = “/xammp/temp/”<br />
<br />
指定保存session文件的目录，可以指定到别的目录，但是指定目录必须要有httpd守护进程属主(比如apache或www等)写权限，否则无法回存session数据。它还可以写成这样session.save_path = “N;/path” 其中N是整数。这样使得不是所有的session文件都保存在同一个目录中，而是分散在不同目录。这对于服务器处理大量session文件是很有帮助的。(注:目录需要自己手工创建)<br />
<br />
3,session.auto_start = 0<br />
<br />
如果启用该选项，用户的每次请求都会初始化session。不推荐使用，最好通过session_start()显示地初始化session。<br />]]></descrīption>
			<pubDate>2015-08-08 09:21:03</pubDate>
			<author>wangjun</author>
			<guid>5</guid>
		</item>
		<item>
			<title><![CDATA[使用PHP生成二维码的方法汇总]]></title>
			<link><![CDATA[/index.php/artc/6.shtml]]></link>
			<descrīption><![CDATA[维码应用领域越来越广泛，本站之前已有文章介绍通过使用jQuery插件来生成二维码，今天我给大家分享下如何使用PHP生成二维码，以及如何生成中间带LOGO图像的二维码。<br />
<br />
利用Google API生成二维码<br />
<br />
Google提供了较为完善的二维码生成接口，调用API接口很简单，以下是调用代码：<br />
<br />
[php] view plaincopy<br />
$urlToEncode="http://www.jb51.net"; &nbsp;&nbsp;<br />
generateQRfromGoogle($urlToEncode); &nbsp;&nbsp;<br />
/** &nbsp;<br />
&nbsp;* google api 二维码生成【QRcode可以存储最多4296个字母数字类型的任意文本，具体可以查看二维码数据格式】 &nbsp;<br />
&nbsp;* @param string $chl 二维码包含的信息，可以是数字、字符、二进制信息、汉字。 &nbsp;<br />
&nbsp;不能混合数据类型，数据必须经过UTF-8 URL-encoded &nbsp;<br />
&nbsp;* @param int $widhtHeight 生成二维码的尺寸设置 &nbsp;<br />
&nbsp;* @param string $EC_level 可选纠错级别，QR码支持四个等级纠错，用来恢复丢失的、读错的、模糊的、数据。 &nbsp;<br />
&nbsp;* &nbsp; &nbsp; &nbsp; &nbsp; &nbsp; &nbsp; &nbsp;L-默认：可以识别已损失的7%的数据 &nbsp;<br />
&nbsp;* &nbsp; &nbsp; &nbsp; &nbsp; &nbsp; &nbsp; &nbsp;M-可以识别已损失15%的数据 &nbsp;<br />
&nbsp;* &nbsp; &nbsp; &nbsp; &nbsp; &nbsp; &nbsp; &nbsp;Q-可以识别已损失25%的数据 &nbsp;<br />
&nbsp;* &nbsp; &nbsp; &nbsp; &nbsp; &nbsp; &nbsp; &nbsp;H-可以识别已损失30%的数据 &nbsp;<br />
&nbsp;* @param int $margin 生成的二维码离图片边框的距离 &nbsp;<br />
&nbsp;*/ &nbsp;&nbsp;<br />
function generateQRfromGoogle($chl,$widhtHeight ='150',$EC_level='L',$margin='0') &nbsp;&nbsp;<br />
{ &nbsp;&nbsp;<br />
&nbsp; $chl = urlencode($chl); &nbsp;&nbsp;<br />
&nbsp; echo '&lt;img src="http://chart.apis.google.com/chart?chs='.$widhtHeight.'x'.$widhtHeight.' &nbsp;&nbsp;<br />
&nbsp; &amp;cht=qr&amp;chld='.$EC_level.'|'.$margin.'&amp;chl='.$chl.'" alt="QR code" widhtHeight="'.$widhtHeight.' &nbsp;&nbsp;<br />
&nbsp; " widhtHeight="'.$widhtHeight.'"/&gt;'; &nbsp;&nbsp;<br />
} &nbsp;<br />
<br />
<br />
使用PHP二维码生成类库PHP QR Code生成二维码<br />
<br />
PHP QR Code是一个PHP二维码生成类库，利用它可以轻松生成二维码，官网提供了下载和多个演示demo，查看地址：http://phpqrcode.sourceforge.net/。<br />
<br />
下载官网提供的类库后，只需要使用phpqrcode.php就可以生成二维码了，当然您的PHP环境必须开启支持GD2。phpqrcode.php提供了一个关键的png()方法，其中参数$text表示生成二位的的信息文本；参数$outfile表示是否输出二维码图片文件，默认否；参数$level表示容错率，也就是有被覆盖的区域还能识别，分别是L（QR_ECLEVEL_L，7%），M（QR_ECLEVEL_M，15%），Q（QR_ECLEVEL_Q，25%），H（QR_ECLEVEL_H，30%）；参数$size表示生成图片大小，默认是3；参数$margin表示二维码周围边框空白区域间距值；参数$saveandprint表示是否保存二维码并显示。<br />
<br />
[php] view plaincopy<br />
public static function png($text, $outfile=false, $level=QR_ECLEVEL_L, $size=3, $margin=4, &nbsp;&nbsp;<br />
$saveandprint=false) &nbsp;&nbsp;<br />
{ &nbsp;&nbsp;<br />
&nbsp; $enc = QRencode::factory($level, $size, $margin); &nbsp;&nbsp;<br />
&nbsp; return $enc-&gt;encodePNG($text, $outfile, $saveandprint=false); &nbsp;&nbsp;<br />
} &nbsp;<br />
<br />
<br />
调用PHP QR Code非常简单，如下代码即可生成一张内容为"http://www.jb51.net"的二维码.<br />
<br />
[php] view plaincopy<br />
include 'phpqrcode.php'; &nbsp;&nbsp;<br />
QRcode::png('http://www.jb51.net'); &nbsp;<br />
<br />
<br />
那么实际应用中，我们会在二维码的中间加上自己的LOGO，已增强宣传效果。那如何生成含有logo的二维码呢？其实原理很简单，先使用PHP QR Code生成一张二维码图片，然后再利用php的image相关函数，将事先准备好的logo图片加入到刚生成的原始二维码图片中间，然后重新生成一张新的二维码图片。<br />
<br />
[php] view plaincopy<br />
include 'phpqrcode.php'; &nbsp;&nbsp;<br />
$value = 'http://www.jb51.net'; //二维码内容 &nbsp;&nbsp;<br />
$errorCorrectionLevel = 'L';//容错级别 &nbsp;&nbsp;<br />
$matrixPointSize = 6;//生成图片大小 &nbsp;&nbsp;<br />
//生成二维码图片 &nbsp;&nbsp;<br />
QRcode::png($value, 'qrcode.png', $errorCorrectionLevel, $matrixPointSize, 2); &nbsp;&nbsp;<br />
$logo = 'logo.png';//准备好的logo图片 &nbsp;&nbsp;<br />
$QR = 'qrcode.png';//已经生成的原始二维码图 &nbsp;&nbsp;<br />
&nbsp; &nbsp;<br />
if ($logo !== FALSE) { &nbsp;&nbsp;<br />
&nbsp; $QR = imagecreatefromstring(file_get_contents($QR)); &nbsp;&nbsp;<br />
&nbsp; $logo = imagecreatefromstring(file_get_contents($logo)); &nbsp;&nbsp;<br />
&nbsp; $QR_width = imagesx($QR);//二维码图片宽度 &nbsp;&nbsp;<br />
&nbsp; $QR_height = imagesy($QR);//二维码图片高度 &nbsp;&nbsp;<br />
&nbsp; $logo_width = imagesx($logo);//logo图片宽度 &nbsp;&nbsp;<br />
&nbsp; $logo_height = imagesy($logo);//logo图片高度 &nbsp;&nbsp;<br />
&nbsp; $logo_qr_width = $QR_width / 5; &nbsp;&nbsp;<br />
&nbsp; $scale = $logo_width/$logo_qr_width; &nbsp;&nbsp;<br />
&nbsp; $logo_qr_height = $logo_height/$scale; &nbsp;&nbsp;<br />
&nbsp; $from_width = ($QR_width - $logo_qr_width) / 2; &nbsp;&nbsp;<br />
&nbsp; //重新组合图片并调整大小 &nbsp;&nbsp;<br />
&nbsp; imagecopyresampled($QR, $logo, $from_width, $from_width, 0, 0, $logo_qr_width, &nbsp;&nbsp;<br />
&nbsp; $logo_qr_height, $logo_width, $logo_height); &nbsp;&nbsp;<br />
} &nbsp;&nbsp;<br />
//输出图片 &nbsp;&nbsp;<br />
imagepng($QR, 'jb51.png'); &nbsp;&nbsp;<br />
echo '&lt;img src="jb51.png"&gt;'; &nbsp;<br />
<br />
<br />
由于二维码允许有一定的容错性，一般的二维码即使在遮住部分但仍然能够解码，经常我们扫描二维码的时候扫描到甚至不到一半时就能解码扫描结果，这是因为生成器会将部分信息重复表示来提高其容错度，这就是为什么我们在二维码中间加个LOGO图片并不影响解码结果的原因。<br />]]></descrīption>
			<pubDate>2015-08-08 09:22:04</pubDate>
			<author>wangjun</author>
			<guid>6</guid>
		</item>
		<item>
			<title><![CDATA[PHP技术开发微信公众平台]]></title>
			<link><![CDATA[/index.php/artc/7.shtml]]></link>
			<descrīption><![CDATA[下面通过图文并茂的方式介绍微信公众平台开发过程，具体内容如下：<br />
<br />
微信公众平台有两种模式：编辑模式 和 开发模式。<br />
<br />
普通的功能可以通过编辑模式来搞定。开发模式具有更多的功能。让我们来使用开发模式开发helloword吧<br />
<br />
步骤如下：<br />
<br />
第一步：先注册一个公众号（https://mp.weixin.qq.com）<br />
<br />
第二步：注册sae（http://sae.sina.com.cn/），作为你的服务器。<br />
<br />
第三步：登录微信公众平台（https://mp.weixin.qq.com）查看开发文档并下载官方提供的demo。做适当修改。<br />
<br />
第四步：将代码压缩成zip格式，上传到sae平台。<br />
<br />
第五步：登录微信公众平台，进入开发者中心。开启“服务者配置”。<br />
<br />
第六步：成功了。<br />
<br />
开始吧：<br />
<br />
1.先注册一个公众号（https://mp.weixin.qq.com）<br />
<br />
2.注册sae（http://sae.sina.com.cn/）<br />
<br />
注册完以后要记得进行实名认证，不然绑定到公众平台的时候，会有永远的“无法获取token”的提示。（实名认证需要3个工作日才能成功）<br />
<br />
然后可以点击创建应用。创建后可以在下面看到。<br />
<br />
<br />
<br />
进入自己创建的应用。然后点击代码管理。<br />
<br />
<br />
<br />
<br />
<br />
3.登录微信公众平台（https://mp.weixin.qq.com）<br />
<br />
查看开发文档并下载官方提供的demo。<br />
<br />
<br />
<br />
<br />
<br />
<br />
<br />
打开后是如下的代码：<br />
<br />
[php] view plaincopy<br />
&lt;?php &nbsp;<br />
/**&nbsp;<br />
&nbsp;* wechat php test&nbsp;<br />
&nbsp;*/ &nbsp;<br />
//define your token &nbsp;<br />
define("TOKEN", "weixin"); &nbsp;<br />
$wechatObj = new wechatCallbackapiTest(); &nbsp;<br />
$wechatObj-&gt;valid(); &nbsp;<br />
class wechatCallbackapiTest &nbsp;<br />
{ &nbsp;<br />
&nbsp;public function valid() &nbsp;<br />
&nbsp;{ &nbsp;<br />
&nbsp;$echoStr = $_GET["echostr"]; &nbsp;<br />
&nbsp;//valid signature , option &nbsp;<br />
&nbsp;if($this-&gt;checkSignature()){ &nbsp;<br />
&nbsp; echo $echoStr; &nbsp;<br />
&nbsp; exit; &nbsp;<br />
&nbsp;} &nbsp;<br />
&nbsp;} &nbsp;<br />
&nbsp;public function responseMsg() &nbsp;<br />
&nbsp;{ &nbsp;<br />
&nbsp;//get post data, May be due to the different environments &nbsp;<br />
&nbsp;$postStr = $GLOBALS["HTTP_RAW_POST_DATA"]; &nbsp;<br />
&nbsp; //extract post data &nbsp;<br />
&nbsp;if (!empty($postStr)){ &nbsp;<br />
&nbsp; /* libxml_disable_entity_loader is to prevent XML eXternal Entity Injection,&nbsp;<br />
&nbsp; &nbsp;the best way is to check the validity of xml by yourself */ &nbsp;<br />
&nbsp; libxml_disable_entity_loader(true); &nbsp;<br />
&nbsp; &nbsp;$postObj = simplexml_load_string($postStr, 'SimpleXMLElement', LIBXML_NOCDATA); &nbsp;<br />
&nbsp; $fromUsername = $postObj-&gt;FromUserName; &nbsp;<br />
&nbsp; $toUsername = $postObj-&gt;ToUserName; &nbsp;<br />
&nbsp; $keyword = trim($postObj-&gt;Content); &nbsp;<br />
&nbsp; $time = time(); &nbsp;<br />
&nbsp; $textTpl = "&lt;xml&gt; &nbsp;<br />
&nbsp; &nbsp; &lt;ToUserName&gt;&lt;![CDATA[%s]]&gt;&lt;/ToUserName&gt; &nbsp;<br />
&nbsp; &nbsp; &lt;FromUserName&gt;&lt;![CDATA[%s]]&gt;&lt;/FromUserName&gt; &nbsp;<br />
&nbsp; &nbsp; &lt;CreateTime&gt;%s&lt;/CreateTime&gt; &nbsp;<br />
&nbsp; &nbsp; &lt;MsgType&gt;&lt;![CDATA[%s]]&gt;&lt;/MsgType&gt; &nbsp;<br />
&nbsp; &nbsp; &lt;Content&gt;&lt;![CDATA[%s]]&gt;&lt;/Content&gt; &nbsp;<br />
&nbsp; &nbsp; &lt;FuncFlag&gt;0&lt;/FuncFlag&gt; &nbsp;<br />
&nbsp; &nbsp; &lt;/xml&gt;"; &nbsp;&nbsp;<br />
&nbsp; if(!empty( $keyword )) &nbsp;<br />
&nbsp; { &nbsp;<br />
&nbsp; &nbsp;$msgType = "text"; &nbsp;<br />
&nbsp; &nbsp;$contentStr = "Welcome to wechat world!"; &nbsp;<br />
&nbsp; &nbsp;$resultStr = sprintf($textTpl, $fromUsername, $toUsername, $time, $msgType, $contentStr); &nbsp;<br />
&nbsp; &nbsp;echo $resultStr; &nbsp;<br />
&nbsp; }else{ &nbsp;<br />
&nbsp; &nbsp;echo "Input something..."; &nbsp;<br />
&nbsp; } &nbsp;<br />
&nbsp;}else { &nbsp;<br />
&nbsp; echo ""; &nbsp;<br />
&nbsp; exit; &nbsp;<br />
&nbsp;} &nbsp;<br />
&nbsp;} &nbsp;<br />
&nbsp;private function checkSignature() &nbsp;<br />
&nbsp;{ &nbsp;<br />
&nbsp;// you must define TOKEN by yourself &nbsp;<br />
&nbsp;if (!defined("TOKEN")) { &nbsp;<br />
&nbsp; throw new Exception('TOKEN is not defined!'); &nbsp;<br />
&nbsp;} &nbsp;<br />
&nbsp;$signature = $_GET["signature"]; &nbsp;<br />
&nbsp;$timestamp = $_GET["timestamp"]; &nbsp;<br />
&nbsp;$nonce = $_GET["nonce"]; &nbsp;<br />
&nbsp;$token = TOKEN; &nbsp;<br />
&nbsp;$tmpArr = array($token, $timestamp, $nonce); &nbsp;<br />
&nbsp;// use SORT_STRING rule &nbsp;<br />
&nbsp;sort($tmpArr, SORT_STRING); &nbsp;<br />
&nbsp;$tmpStr = implode( $tmpArr ); &nbsp;<br />
&nbsp;$tmpStr = sha1( $tmpStr ); &nbsp;<br />
&nbsp;if( $tmpStr == $signature ){ &nbsp;<br />
&nbsp; return true; &nbsp;<br />
&nbsp;}else{ &nbsp;<br />
&nbsp; return false; &nbsp;<br />
&nbsp;} &nbsp;<br />
&nbsp;} &nbsp;<br />
} &nbsp;<br />
?&gt; &nbsp;<br />
<br />
<br />
我试过，如上代码，似乎无法执行到response那一块。所以做了更改<br />
<br />
[php] view plaincopy<br />
&lt;?php &nbsp;<br />
/**&nbsp;<br />
&nbsp;* wechat php test&nbsp;<br />
&nbsp;*/ &nbsp;<br />
//define your token &nbsp;<br />
define("TOKEN", "weixin"); &nbsp;<br />
$wechatObj = new wechatCallbackapiTest(); &nbsp;<br />
//这里做了更改 &nbsp;<br />
if($_GET["echostr"]){ &nbsp;<br />
&nbsp;$wechatObj-&gt;valid(); &nbsp;<br />
}else{ &nbsp;<br />
&nbsp;$wechatObj-&gt;responseMsg(); &nbsp;<br />
} &nbsp;<br />
class wechatCallbackapiTest &nbsp;<br />
{ &nbsp;<br />
&nbsp;public function valid() &nbsp;<br />
&nbsp;{ &nbsp;<br />
&nbsp;$echoStr = $_GET["echostr"]; &nbsp;<br />
&nbsp;//valid signature , option &nbsp;<br />
&nbsp;if($this-&gt;checkSignature()){ &nbsp;<br />
&nbsp; echo $echoStr; &nbsp;<br />
&nbsp; exit; &nbsp;<br />
&nbsp;} &nbsp;<br />
&nbsp;} &nbsp;<br />
&nbsp;public function responseMsg() &nbsp;<br />
&nbsp;{ &nbsp;<br />
&nbsp;//get post data, May be due to the different environments &nbsp;<br />
&nbsp;$postStr = $GLOBALS["HTTP_RAW_POST_DATA"]; &nbsp;<br />
&nbsp; //extract post data &nbsp;<br />
&nbsp;if (!empty($postStr)){ &nbsp;<br />
&nbsp; /* libxml_disable_entity_loader is to prevent XML eXternal Entity Injection,&nbsp;<br />
&nbsp; &nbsp;the best way is to check the validity of xml by yourself */ &nbsp;<br />
&nbsp; libxml_disable_entity_loader(true); &nbsp;<br />
&nbsp; &nbsp;$postObj = simplexml_load_string($postStr, 'SimpleXMLElement', LIBXML_NOCDATA); &nbsp;<br />
&nbsp; $fromUsername = $postObj-&gt;FromUserName; &nbsp;<br />
&nbsp; $toUsername = $postObj-&gt;ToUserName; &nbsp;<br />
&nbsp; $keyword = trim($postObj-&gt;Content); &nbsp;<br />
&nbsp; $time = time(); &nbsp;<br />
&nbsp; $textTpl = "&lt;xml&gt; &nbsp;<br />
&nbsp; &nbsp; &lt;ToUserName&gt;&lt;![CDATA[%s]]&gt;&lt;/ToUserName&gt; &nbsp;<br />
&nbsp; &nbsp; &lt;FromUserName&gt;&lt;![CDATA[%s]]&gt;&lt;/FromUserName&gt; &nbsp;<br />
&nbsp; &nbsp; &lt;CreateTime&gt;%s&lt;/CreateTime&gt; &nbsp;<br />
&nbsp; &nbsp; &lt;MsgType&gt;&lt;![CDATA[%s]]&gt;&lt;/MsgType&gt; &nbsp;<br />
&nbsp; &nbsp; &lt;Content&gt;&lt;![CDATA[%s]]&gt;&lt;/Content&gt; &nbsp;<br />
&nbsp; &nbsp; &lt;FuncFlag&gt;0&lt;/FuncFlag&gt; &nbsp;<br />
&nbsp; &nbsp; &lt;/xml&gt;"; &nbsp;&nbsp;<br />
&nbsp; if(!empty( $keyword )) &nbsp;<br />
&nbsp; { &nbsp;<br />
&nbsp; &nbsp;$msgType = "text"; &nbsp;<br />
&nbsp; &nbsp;$contentStr = "Welcome to wechat world!"; &nbsp;<br />
&nbsp; &nbsp;$resultStr = sprintf($textTpl, $fromUsername, $toUsername, $time, $msgType, $contentStr); &nbsp;<br />
&nbsp; &nbsp;echo $resultStr; &nbsp;<br />
&nbsp; }else{ &nbsp;<br />
&nbsp; &nbsp;echo "Input something..."; &nbsp;<br />
&nbsp; } &nbsp;<br />
&nbsp;}else { &nbsp;<br />
&nbsp; echo ""; &nbsp;<br />
&nbsp; exit; &nbsp;<br />
&nbsp;} &nbsp;<br />
&nbsp;} &nbsp;<br />
&nbsp;private function checkSignature() &nbsp;<br />
&nbsp;{ &nbsp;<br />
&nbsp;// you must define TOKEN by yourself &nbsp;<br />
&nbsp;if (!defined("TOKEN")) { &nbsp;<br />
&nbsp; throw new Exception('TOKEN is not defined!'); &nbsp;<br />
&nbsp;} &nbsp;<br />
&nbsp;$signature = $_GET["signature"]; &nbsp;<br />
&nbsp;$timestamp = $_GET["timestamp"]; &nbsp;<br />
&nbsp;$nonce = $_GET["nonce"]; &nbsp;<br />
&nbsp;$token = TOKEN; &nbsp;<br />
&nbsp;$tmpArr = array($token, $timestamp, $nonce); &nbsp;<br />
&nbsp;// use SORT_STRING rule &nbsp;<br />
&nbsp;sort($tmpArr, SORT_STRING); &nbsp;<br />
&nbsp;$tmpStr = implode( $tmpArr ); &nbsp;<br />
&nbsp;$tmpStr = sha1( $tmpStr ); &nbsp;<br />
&nbsp;if( $tmpStr == $signature ){ &nbsp;<br />
&nbsp; return true; &nbsp;<br />
&nbsp;}else{ &nbsp;<br />
&nbsp; return false; &nbsp;<br />
&nbsp;} &nbsp;<br />
&nbsp;} &nbsp;<br />
} &nbsp;<br />
?&gt; &nbsp;<br />
<br />
<br />
你可以将Welcome to wechat world!更改为Hello Word!<br />
<br />
4.将代码压缩成zip格式，上传到sae平台。<br />
<br />
点击“编辑代码”，可以看到你上传的php文件。然后右击，url查看。复制url（http://1.carlzhang.sinaapp.com/wx_carlzhang819.php）。在这里要记住在此php文件中定义的token。此处为“weixin”，可以在如下图中看到。<br />
<br />
<br />
5.登录微信公众平台，进入开发者中心。开启“服务者配置”。url填写上一步复制的url（这里我删除了前面的1.因为我的sae默认第一版。你可以试试，删除1，若是url访问，不报404，那就是没问题）。token填写的是代码中的token（上面是“weixin”）。<br />
<br />
如果启用成功，就可以关注你的微信平台，输入内容，看看提示是不是Welcome to wechat world!或者Hello Word!<br />]]></descrīption>
			<pubDate>2015-08-08 09:25:07</pubDate>
			<author>wangjun</author>
			<guid>7</guid>
		</item>
		<item>
			<title><![CDATA[详解MySQL性能优化（一）]]></title>
			<link><![CDATA[/index.php/artc/8.shtml]]></link>
			<descrīption><![CDATA[一、MySQL的主要适用场景<br />
<br />
1、Web网站系统<br />
<br />
2、日志记录系统<br />
<br />
3、数据仓库系统<br />
<br />
4、嵌入式系统<br />
<br />
二、MySQL架构图：<br />
<br />
<img src="/Uploads/Editor/image/2015-08-08/55c56050bb2f7.jpg" alt="" /><br />
<br />
<br />
三、MySQL存储引擎概述<br />
<br />
1）MyISAM存储引擎<br />
<br />
MyISAM存储引擎的表在数据库中，每一个表都被存放为三个以表名命名的物理文件。首先肯定会有任何存储引擎都不可缺少的存放表结构定义信息的.frm文件，另外还有.MYD和.MYI文件，分别存放了表的数据（.MYD）和索引数据（.MYI）。每个表都有且仅有这样三个文件做为MyISAM存储类型的表的存储，也就是说不管这个表有多少个索引，都是存放在同一个.MYI文件中。<br />
<br />
MyISAM支持以下三种类型的索引：<br />
<br />
1、B-Tree索引<br />
<br />
B-Tree索引，顾名思义，就是所有的索引节点都按照balancetree的数据结构来存储，所有的索引数据节点都在叶节点。<br />
<br />
2、R-Tree索引<br />
<br />
R-Tree索引的存储方式和b-tree索引有一些区别，主要设计用于为存储空间和多维数据的字段做索引，所以目前的MySQL版本来说，也仅支持geometry类型的字段作索引。<br />
<br />
3、Full-text索引<br />
<br />
Full-text索引就是我们长说的全文索引，他的存储结构也是b-tree。主要是为了解决在我们需要用like查询的低效问题。<br />
<br />
2）Innodb 存储引擎<br />
<br />
1、支持事务安装<br />
<br />
2、数据多版本读取<br />
<br />
3、锁定机制的改进<br />
<br />
4、实现外键<br />
<br />
3）NDBCluster存储引擎<br />
<br />
NDB存储引擎也叫NDBCluster存储引擎，主要用于MySQLCluster分布式集群环境，Cluster是MySQL从5.0版本才开始提供的新功能。<br />
<br />
4）Merge存储引擎<br />
<br />
MERGE存储引擎，在MySQL用户手册中也提到了，也被大家认识为MRG_MyISAM引擎。Why？因为MERGE存储引擎可以简单的理解为其功能就是实现了对结构相同的MyISAM表，通过一些特殊的包装对外提供一个单一的访问入口，以达到减小应用的复杂度的目的。要创建MERGE表，不仅仅基表的结构要完全一致，包括字段的顺序，基表的索引也必须完全一致。<br />
<br />
5）Memory存储引擎<br />
<br />
Memory存储引擎，通过名字就很容易让人知道，他是一个将数据存储在内存中的存储引擎。Memory存储引擎不会将任何数据存放到磁盘上，仅仅存放了一个表结构相关信息的.frm文件在磁盘上面。所以一旦MySQLCrash或者主机Crash之后，Memory的表就只剩下一个结构了。Memory表支持索引，并且同时支持Hash和B－Tree两种格式的索引。由于是存放在内存中，所以Memory都是按照定长的空间来存储数据的，而且不支持BLOB和TEXT类型的字段。Memory存储引擎实现页级锁定。<br />
<br />
6）BDB存储引擎<br />
<br />
BDB存储引擎全称为BerkeleyDB存储引擎，和Innodb一样，也不是MySQL自己开发实现的一个存储引擎，而是由SleepycatSoftware所提供，当然，也是开源存储引擎，同样支持事务安全。<br />
<br />
7）FEDERATED存储引擎<br />
<br />
FEDERATED存储引擎所实现的功能，和Oracle的DBLINK基本相似，主要用来提供对远程MySQL服务器上面的数据的访问接口。如果我们使用源码编译来安装MySQL，那么必须手工指定启用FEDERATED存储引擎才行，因为MySQL默认是不起用该存储引擎的。<br />
<br />
8）ARCHIVE存储引擎<br />
<br />
ARCHIVE存储引擎主要用于通过较小的存储空间来存放过期的很少访问的历史数据。ARCHIVE表不支持索引，通过一个.frm的结构定义文件，一个.ARZ的数据压缩文件还有一个.ARM的meta信息文件。由于其所存放的数据的特殊性，ARCHIVE表不支持删除，修改操<br />
<br />
作，仅支持插入和查询操作。锁定机制为行级锁定。<br />
<br />
9）BLACKHOLE存储引擎<br />
<br />
BLACKHOLE存储引擎是一个非常有意思的存储引擎，功能恰如其名，就是一个“黑洞”。就像我们unix系统下面的“/dev/null”设备一样，不管我们写入任何信息，都是有去无回。<br />
<br />
10）CSV存储引擎<br />
<br />
CSV存储引擎实际上操作的就是一个标准的CSV文件，他不支持索引。起主要用途就是大家有些时候可能会需要通过数据库中的数据导出成一份报表文件，而CSV文件是很多软件都支持的一种较为标准的格式，所以我们可以通过先在数据库中建立一张CVS表，然后将生成的报表信息插入到该表，即可得到一份CSV报表文件了。<br />
<br />
四、影响MySQLServer性能的相关因素<br />
<br />
1商业需求对性能的影响<br />
<br />
典型需求：一个论坛帖子总量的统计，要求：实时更新。<br />
<br />
2系统架构及实现对性能的影响<br />
<br />
以下几类数据都是不适合在数据库中存放的：<br />
<br />
二进制多媒体数据<br />
<br />
流水队列数据<br />
<br />
超大文本数据<br />
<br />
通过Cache技术来提高系统性能：<br />
<br />
系统各种配置及规则数据；<br />
<br />
活跃用户的基本信息数据；<br />
<br />
活跃用户的个性化定制信息数据；<br />
<br />
准实时的统计信息数据；<br />
<br />
其他一些访问频繁但变更较少的数据；<br />
<br />
3 Query语句对系统性能的影响<br />
<br />
需求：取出某个group（假设id为1）下的用户编号（id），用户昵称（nick_name），并按照加入组的时间（user_group.gmt_create）来进行倒序排列，取出前20个。<br />
<br />
解决方案一：<br />
<br />
[sql] view plaincopy<br />
SELECT id,nick_name FROM user,user_group WHERE user_group.group_id=1 and user_group.user_id=user.id ORDER BY user_group.gmt_create desc limit 100,20; &nbsp;<br />
<br />
<br />
解决方案二：<br />
<br />
SELECT user.id,user.nick_name FROM(<br />
SELECT user_id<br />
FROM user_group<br />
WHERE user_group.group_id=1<br />
ORDER BY gmt_create desc<br />
limit 100,20)t,user<br />
WHERE t.user_id=user.id;<br />
<br />
通过比较两个解决方案的执行计划，我们可以看到第一中解决方案中需要和user表参与Join的记录数MySQL通过统计数据估算出来是31156，也就是通过user_group表返回的所有满足group_id=1的记录数（系统中的实际数据是20000）。而第二种解决方案的执行计划中，user表参与Join的数据就只有20条，两者相差很大，我们认为第二中解决方案应该明显优于第一种解决方案。<br />
<br />
4 Schema设计对系统的性能影响<br />
<br />
尽量减少对数据库访问的请求。<br />
<br />
尽量减少无用数据的查询请求。<br />
<br />
5硬件环境对系统性能的影响<br />
<br />
1、典型OLTP应用系统<br />
<br />
对于各种数据库系统环境中大家最常见的OLTP系统，其特点是并发量大，整体数据量比较多，但每次访问的数据比较少，且访问的数据比较离散，活跃数据占总体数据的比例不是太大。对于这类系统的数据库实际上是最难维护，最难以优化的，对主机整体性能要求也是最高的。因为不仅访问量很高，数据量也不小。<br />
<br />
针对上面的这些特点和分析，我们可以对OLTP的得出一个大致的方向。<br />
<br />
虽然系统总体数据量较大，但是系统活跃数据在数据总量中所占的比例不大，那么我们可以通过扩大内存容量来尽可能多的将活跃数据cache到内存中；<br />
<br />
虽然IO访问非常频繁，但是每次访问的数据量较少且很离散，那么我们对磁盘存储的要求是IOPS表现要很好，吞吐量是次要因素；<br />
<br />
并发量很高，CPU每秒所要处理的请求自然也就很多，所以CPU处理能力需要比较强劲；<br />
<br />
虽然与客户端的每次交互的数据量并不是特别大，但是网络交互非常频繁，所以主机与客户端交互的网络设备对流量能力也要求不能太弱。<br />
<br />
2、典型OLAP应用系统<br />
<br />
用于数据分析的OLAP系统的主要特点就是数据量非常大，并发访问不多，但每次访问所需要检索的数据量都比较多，而且数据访问相对较为集中，没有太明显的活跃数据概念。<br />
<br />
基于OLAP系统的各种特点和相应的分析，针对OLAP系统硬件优化的大致策略如下：<br />
<br />
数据量非常大，所以磁盘存储系统的单位容量需要尽量大一些；<br />
<br />
单次访问数据量较大，而且访问数据比较集中，那么对IO系统的性能要求是需要有尽可能大的每秒IO吞吐量，所以应该选用每秒吞吐量尽可能大的磁盘；<br />
<br />
虽然IO性能要求也比较高，但是并发请求较少，所以CPU处理能力较难成为性能瓶颈，所以CPU处理能力没有太苛刻的要求；<br />
<br />
虽然每次请求的访问量很大，但是执行过程中的数据大都不会返回给客户端，最终返回给客户端的数据量都较小，所以和客户端交互的网络设备要求并不是太高；<br />
<br />
此外，由于OLAP系统由于其每次运算过程较长，可以很好的并行化，所以一般的OLAP系统都是由多台主机构成的一个集群，而集群中主机与主机之间的数据交互量一般来说都是非常大的，所以在集群中主机之间的网络设备要求很高。<br />
<br />
3、除了以上两个典型应用之外，还有一类比较特殊的应用系统，他们的数据量不是特别大，但是访问请求及其频繁，而且大部分是读请求。可能每秒需要提供上万甚至几万次请求，每次请求都非常简单，可能大部分都只有一条或者几条比较小的记录返回，就比如基于数据库的DNS服务就是这样类型的服务。<br />
<br />
虽然数据量小，但是访问极其频繁，所以可以通过较大的内存来cache住大部分的数据，这能够保证非常高的命中率，磁盘IO量比较小，所以磁盘也不需要特别高性能的；<br />
<br />
并发请求非常频繁，比需要较强的CPU处理能力才能处理；<br />
<br />
虽然应用与数据库交互量非常大，但是每次交互数据较少，总体流量虽然也会较大，但是一般来说普通的千兆网卡已经足够了。<br />
<br />
五、MySQL 锁定机制简介<br />
<br />
行级锁定（row-level）<br />
<br />
表级锁定（table-level）<br />
<br />
页级锁定（page-level）<br />
<br />
在MySQL数据库中，使用表级锁定的主要是MyISAM，Memory，CSV等一些非事务性存储引擎，而使用行级锁定的主要是Innodb存储引擎和NDBCluster存储引擎，页级锁定主要是BerkeleyDB存储引擎的锁定方式。<br />
<br />
六、MySQL Query的优化<br />
<br />
Query语句的优化思路和原则主要提现在以下几个方面：<br />
<br />
1. 优化更需要优化的Query；<br />
<br />
2. 定位优化对象的性能瓶颈；<br />
<br />
3. 明确的优化目标；<br />
<br />
4. 从Explain入手；<br />
<br />
5. 多使用profile<br />
<br />
6. 永远用小结果集驱动大的结果集；<br />
<br />
7. 尽可能在索引中完成排序；<br />
<br />
8. 只取出自己需要的Columns；<br />
<br />
9. 仅仅使用最有效的过滤条件；<br />
<br />
10.尽可能避免复杂的Join和子查询；<br />
<br />
合理设计并利用索引<br />
<br />
1）B-Tree索引<br />
<br />
一般来说，MySQL中的B-Tree索引的物理文件大多都是以BalanceTree的结构来存储的，也就是所有实际需要的数据都存放于Tree的LeafNode，而且到任何一个LeafNode的最短路径的长度都是完全相同的，所以我们大家都称之为B-Tree索引当然，可能各种数据库（或MySQL的各种存储引擎）在存放自己的B-Tree索引的时候会对存储结构稍作改造。如Innodb存储引擎的B-Tree索引实际使用的存储结构实际上是B+Tree，也就是在B-Tree数据结构的基础上做了很小的改造，在每一个LeafNode上面出了存放索引键的相关信息之外，还存储了指向与该LeafNode相邻的后一个LeafNode的指针信息，这主要是为了加快检索多个相邻LeafNode的效率考虑。<br />
<br />
2）Hash索引<br />
<br />
Hash索引在MySQL中使用的并不是很多，目前主要是Memory存储引擎使用，而且在Memory存储引擎中将Hash索引作为默认的索引类型。所谓Hash索引，实际上就是通过一定的Hash算法，将需要索引的键值进行Hash运算，然后将得到的Hash值存入一个Hash表中。然后每次需要检索的时候，都会将检索条件进行相同算法的Hash运算，然后再和Hash表中的Hash值进行比较并得出相应的信息。<br />
<br />
Hash索引仅仅只能满足“=”,“IN”和“&lt;=&gt;”查询，不能使用范围查询；<br />
<br />
Hash索引无法被利用来避免数据的排序操作；<br />
<br />
Hash索引不能利用部分索引键查询；<br />
<br />
Hash索引在任何时候都不能避免表扫面；<br />
<br />
Hash索引遇到大量Hash值相等的情况后性能并不一定就会比B-Tree索引高；<br />
<br />
3）Full-text索引<br />
<br />
Full-text索引也就是我们常说的全文索引，目前在MySQL中仅有MyISAM存储引擎支持，而且也并不是所有的数据类型都支持全文索引。目前来说，仅有CHAR，VARCHAR和TEXT这三种数据类型的列可以建Full-text索引。<br />
<br />
索引能够极大的提高数据检索效率，也能够改善排序分组操作的性能，但是我们不能忽略的一个问题就是索引是完全独立于基础数据之外的一部分数据，更新数据会带来的IO量和调整索引所致的计算量的资源消耗。<br />
<br />
是否需要创建索引，几点原则：较频繁的作为查询条件的字段应该创建索引；唯一性太差的字段不适合单独创建索引，即使频繁作为查询条件；更新非常频繁的字段不适合创建索引；<br />
<br />
不会出现在WHERE子句中的字段不该创建索引；<br />
<br />
Join语句的优化<br />
<br />
尽可能减少Join语句中的NestedLoop的循环总次数；“永远用小结果集驱动大的结果集”。<br />
<br />
优先优化NestedLoop的内层循环；<br />
<br />
保证Join语句中被驱动表上Join条件字段已经被索引；<br />
<br />
当无法保证被驱动表的Join条件字段被索引且内存资源充足的前提下，不要太吝惜JoinBuffer的设置；<br />
<br />
ORDER BY，GROUP BY和DISTINCT优化<br />
<br />
1）ORDER BY的实现与优化<br />
<br />
优化Query语句中的ORDER BY的时候，尽可能利用已有的索引来避免实际的排序计算，可以很大幅度的提升ORDER BY操作的性能。<br />
<br />
优化排序：<br />
<br />
1.加大max_length_for_sort_data参数的设置；<br />
<br />
2.去掉不必要的返回字段；<br />
<br />
3.增大sort_buffer_size参数设置；<br />
<br />
2）GROUP BY的实现与优化<br />
<br />
由于GROUP BY实际上也同样需要进行排序操作，而且与ORDER BY相比，GROUP BY主要只是多了排序之后的分组操作。当然，如果在分组的时候还使用了其他的一些聚合函数，那么还需要一些聚合函数的计算。所以，在GROUP BY的实现过程中，与ORDER BY一样也可以利用到索引。<br />
<br />
3）DISTINCT的实现与优化<br />
<br />
DISTINCT实际上和GROUP BY的操作非常相似，只不过是在GROUP BY之后的每组中只取出一条记录而已。所以，DISTINCT的实现和GROUP BY的实现也基本差不多，没有太大的区别。同样可以通过松散索引扫描或者是紧凑索引扫描来实现，当然，在无法仅仅使用索引即能完成DISTINCT的时候，MySQL只能通过临时表来完成。但是，和GROUP BY有一点差别的是，DISTINCT并不需要进行排序。也就是说，在仅仅只是DISTINCT操作的Query如果无法仅仅利用索引完成操作的时候，MySQL会利用临时表来做一次数据的“缓存”，但是不会对临时表中的数据进行filesort操作。<br />]]></descrīption>
			<pubDate>2015-08-08 09:50:14</pubDate>
			<author>wangjun</author>
			<guid>8</guid>
		</item>
		<item>
			<title><![CDATA[详解MySQL性能优化（二）]]></title>
			<link><![CDATA[/index.php/artc/9.shtml]]></link>
			<descrīption><![CDATA[七、MySQL数据库Schema设计的性能优化<br />
<br />
高效的模型设计<br />
<br />
适度冗余-让Query尽两减少Join<br />
<br />
大字段垂直分拆-summary表优化<br />
<br />
大表水平分拆-基于类型的分拆优化<br />
<br />
统计表-准实时优化<br />
<br />
合适的数据类型<br />
<br />
<img src="/Uploads/Editor/image/2015-08-08/55c560a248324.jpg" alt="" /><br />
<br />
时间存储格式总类并不是太多，我们常用的主要就是DATETIME，DATE和TIMESTAMP这三种了。从存储空间来看TIMESTAMP最少，四个字节，而其他两种数据类型都是八个字节，多了一倍。而TIMESTAMP的缺点在于他只能存储从1970年之后的时间，而另外两种时间类型可以存放最早从1001年开始的时间。如果有需要存放早于1970年之前的时间的需求，我们必须放弃TIMESTAMP类型，但是只要我们不需要使用1970年之前的时间，最好尽量使用TIMESTAMP来减少存储空间的占用。<br />
<br />
字符存储类型<br />
<br />
<img src="/Uploads/Editor/image/2015-08-08/55c560ef2bd3e.jpg" alt="" /> <br />
CHAR[(M)]类型属于静态长度类型，存放长度完全以字符数来计算，所以最终的存储长度是基于字符集的，如latin1则最大存储长度为255字节，但是如果使用gbk则最大存储长度为510字节。CHAR类型的存储特点是不管我们实际存放多长数据，在数据库中都会存放M个字符，不够的通过空格补上，M默认为1。虽然CHAR会通过空格补齐存放的空间，但是在访问数据的时候，MySQL会忽略最后的所有空格，所以如果我们的实际数据中如果在最后确实需要空格，则不能使用CHAR类型来存放。<br />
<br />
VARCHAR[(M)]属于动态存储长度类型，仅存占用实际存储数据的长度。TINYTEXT，TEXT，MEDIUMTEXT和LONGTEXT这四种类型同属于一种存储方式，都是动态存储长度类型，不同的仅仅是最大长度的限制。<br />
<br />
事务优化<br />
<br />
1. 脏读：脏读就是指当一个事务正在访问数据，并且对数据进行了修改，而这种修改还没有提交到数据库中，这时，另外一个事务也访问这个数据，然后使用了这个数据。<br />
<br />
2. 不可重复读：是指在一个事务内，多次读同一数据。在这个事务还没有结束时，另外一个事务也访问该同一数据。那么，在第一个事务中的两次读数据之间，由于第二个事务的修改，那么第一个事务两次读到的的数据可能是不一样的。这样就发生了在一个事务内两次读到的数据是不一样的，因此称为是不可重复读。<br />
<br />
3. 幻读：是指当事务不是独立执行时发生的一种现象，例如第一个事务对一个表中的数据进行了修改，这种修改涉及到表中的全部数据行。同时，第二个事务也修改这个表中的数据，这种修改是向表中插入一行新数据。那么，以后就会发生操作第一个事务的用户发现表中还有没有修改的数据行，就好象发生了幻觉一样。<br />
<br />
Innodb在事务隔离级别方面支持的信息如下：<br />
<br />
1.READ UNCOMMITTED<br />
<br />
常被成为Dirty Reads（脏读），可以说是事务上的最低隔离级别：在普通的非锁定模式下SELECT的执行使我们看到的数据可能并不是查询发起时间点的数据，因而在这个隔离度下是非Consistent Reads（一致性读）；<br />
<br />
2.READ COMMITTED<br />
<br />
这一隔离级别下，不会出现DirtyRead，但是可能出现Non-RepeatableReads(不可重复读)和PhantomReads（幻读）。<br />
<br />
3. REPEATABLE READ<br />
<br />
REPEATABLE READ隔离级别是InnoDB默认的事务隔离级。在REPEATABLE READ隔离级别下，不会出现DirtyReads，也不会出现Non-Repeatable Read，但是仍然存在PhantomReads的可能性。<br />
<br />
4.SERIALIZABLE<br />
<br />
SERIALIZABLE隔离级别是标准事务隔离级别中的最高级别。设置为SERIALIZABLE隔离级别之后，在事务中的任何时候所看到的数据都是事务启动时刻的状态，不论在这期间有没有其他事务已经修改了某些数据并提交。所以，SERIALIZABLE事务隔离级别下，PhantomReads也不会出现。<br />
<br />
八、可扩展性设计之数据切分<br />
<br />
数据的垂直切分<br />
<br />
数据的垂直切分，也可以称之为纵向切分。将数据库想象成为由很多个一大块一大块的“数据块”（表）组成，我们垂直的将这些“数据块”切开，然后将他们分散到多台数据库主机上面。这样的切分方法就是一个垂直（纵向）的数据切分。<br />
<br />
垂直切分的优点<br />
<br />
◆数据库的拆分简单明了，拆分规则明确；<br />
<br />
◆应用程序模块清晰明确，整合容易；<br />
<br />
◆数据维护方便易行，容易定位；<br />
<br />
垂直切分的缺点<br />
<br />
◆部分表关联无法在数据库级别完成，需要在程序中完成；<br />
<br />
◆对于访问极其频繁且数据量超大的表仍然存在性能平静，不一定能满足要求；<br />
<br />
◆事务处理相对更为复杂；<br />
<br />
◆切分达到一定程度之后，扩展性会遇到限制；<br />
<br />
◆过读切分可能会带来系统过渡复杂而难以维护。<br />
<br />
数据的水平切分<br />
<br />
数据的垂直切分基本上可以简单的理解为按照表按照模块来切分数据，而水平切分就不再是按照表或者是功能模块来切分了。一般来说，简单的水平切分主要是将某个访问极其平凡的表再按照某个字段的某种规则来分散到多个表之中，每个表中包含一部分数据。<br />
<br />
水平切分的优点<br />
<br />
◆表关联基本能够在数据库端全部完成；<br />
<br />
◆不会存在某些超大型数据量和高负载的表遇到瓶颈的问题；<br />
<br />
◆应用程序端整体架构改动相对较少；<br />
<br />
◆事务处理相对简单；<br />
<br />
◆只要切分规则能够定义好，基本上较难遇到扩展性限制；<br />
<br />
水平切分的缺点<br />
<br />
◆切分规则相对更为复杂，很难抽象出一个能够满足整个数据库的切分规则；<br />
<br />
◆后期数据的维护难度有所增加，人为手工定位数据更困难；<br />
<br />
◆应用系统各模块耦合度较高，可能会对后面数据的迁移拆分造成一定的困难。<br />
<br />
数据切分与整合中可能存在的问题<br />
<br />
1.引入分布式事务的问题<br />
<br />
完全可以将一个跨多个数据库的分布式事务分拆成多个仅处于单个数据库上面的小事务，并通过应用程序来总控各个小事务。当然，这样作的要求就是我们的俄应用程序必须要有足够的健壮性，当然也会给应用程序带来一些技术难度。<br />
<br />
2.跨节点Join的问题<br />
<br />
推荐通过应用程序来进行处理，先在驱动表所在的MySQLServer中取出相应的驱动结果集，然后根据驱动结果集再到被驱动表所在的MySQL Server中取出相应的数据。<br />
<br />
3.跨节点合并排序分页问题<br />
<br />
从多个数据源并行的取数据，然后应用程序汇总处理。<br />
<br />
九、可扩展性设计之Cache与Search的利用<br />
<br />
通过引入Cache（Redis、Memcached），减少数据库的访问，增加性能。<br />
<br />
<p>
	通过引入Search（Lucene、Solr、ElasticSearch），利用搜索引擎高效的全文索引和分词算法，以及高效的数据检索实现，来解决数据库和传统的Cache软件完全无法解决的全文模糊搜索、分类统计查询等功能。
</p>
<p>
	<img src="/Uploads/Editor/image/2015-08-08/55c56151e95a3.jpg" alt="" />
</p>]]></descrīption>
			<pubDate>2015-08-08 09:54:28</pubDate>
			<author>wangjun</author>
			<guid>9</guid>
		</item>
		<item>
			<title><![CDATA[mysql常用查询语句]]></title>
			<link><![CDATA[/index.php/artc/10.shtml]]></link>
			<descrīption><![CDATA[mysql常用查询语句，有需要的朋友可以参考下。<br />
<br />
<br />
一查询数值型数据:<br />
SELECT*FROMtb_nameWHEREsum&gt;100;<br />
查询谓词:&gt;,=,&lt;,&lt;&gt;,!=,!&gt;,!&lt;,=&gt;,=&lt;<br />
<br />
二查询字符串<br />
SELECT*FROMtb_stuWHEREsname='小刘'<br />
SELECT*FROMtb_stuWHEREsnamelike'刘%'<br />
SELECT*FROMtb_stuWHEREsnamelike'%程序员'<br />
SELECT*FROMtb_stuWHEREsnamelike'%PHP%'<br />
<br />
三查询日期型数据<br />
SELECT*FROMtb_stuWHEREdate='2011-04-08'<br />
注:不同数据库对日期型数据存在差异:：<br />
(1)MySQL:SELECT*fromtb_nameWHEREbirthday='2011-04-08'<br />
(2)SQLServer:SELECT*fromtb_nameWHEREbirthday='2011-04-08'<br />
(3)Access:SELECT*fromtb_nameWHEREbirthday=#2011-04-08#<br />
<br />
四查询逻辑型数据<br />
SELECT*FROMtb_nameWHEREtype='T'<br />
SELECT*FROMtb_nameWHEREtype='F'<br />
逻辑运算符:andornot<br />
<br />
五查询非空数据<br />
SELECT*FROMtb_nameWHEREaddress&lt;&gt;''orderbyaddtimedesc<br />
注:&lt;&gt;相当于PHP中的!=<br />
<br />
六利用变量查询数值型数据<br />
SELECT*FROMtb_nameWHEREid='$_POST[text]'<br />
注:利用变量查询数据时，传入SQL的变量不必用引号括起来，因为PHP中的字符串与数值型数据进行连接时，程序会自动将数值型数据转变成字符串，然后与要连接的字符串进行连接<br />
<br />
七利用变量查询字符串数据<br />
SELECT*FROMtb_nameWHEREnameLIKE'%$_POST[name]%'<br />
完全匹配的方法"%%"表示可以出现在任何位置<br />
<br />
八查询前n条记录<br />
SELECT*FROMtb_nameLIMIT0,$N;<br />
limit语句与其他语句，如orderby等语句联合使用，会使用SQL语句千变万化，使程序非常灵活<br />
<br />
九查询后n条记录<br />
SELECT*FROMtb_stuORDERBYidASCLIMIT$n<br />
<br />
十查询从指定位置开始的n条记录<br />
SELECT*FROMtb_stuORDERBYidASCLIMIT$_POST[begin],$n<br />
注意:数据的id是从0开始的<br />
<br />
十一查询统计结果中的前n条记录<br />
SELECT*,(yw+sx+wy)AStotalFROMtb_scoreORDERBY(yw+sx+wy)DESCLIMIT0,$num<br />
<br />
十二查询指定时间段的数据<br />
SELECT要查找的字段FROM表名WHERE字段名BETWEEN初始值AND终止值<br />
SELECT*FROMtb_stuWHEREageBETWEEN0AND18<br />
<br />
十三按月查询统计数据<br />
SELECT*FROMtb_stuWHEREmonth(date)='$_POST[date]'ORDERBYdate;<br />
注：SQL语言中提供了如下函数，利用这些函数可以很方便地实现按年、月、日进行查询<br />
year(data):返回data表达式中的公元年分所对应的数值<br />
month(data):返回data表达式中的月分所对应的数值<br />
day(data):返回data表达式中的日期所对应的数值<br />
<br />
十四查询大于指定条件的记录<br />
SELECT*FROMtb_stuWHEREage&gt;$_POST[age]ORDERBYage;<br />
<br />
十五查询结果不显示重复记录<br />
SELECTDISTINCT字段名FROM表名WHERE查询条件<br />
注:SQL语句中的DISTINCT必须与WHERE子句联合使用，否则输出的信息不会有变化,且字段不能用*代替<br />
<br />
十六NOT与谓词进行组合条件的查询<br />
(1)NOTBERWEEN…AND…对介于起始值和终止值间的数据时行查询可改成&lt;起始值AND&gt;终止值<br />
(2)ISNOTNULL对非空值进行查询<br />
(3)ISNULL对空值进行查询<br />
(4)NOTIN该式根据使用的关键字是包含在列表内还是排除在列表外，指定表达式的搜索，搜索表达式可以是常量或列名，而列名可以是一组常量，但更多情况下是子查询<br />
<br />
十七显示数据表中重复的记录和记录条数<br />
SELECTname,age,count(*),ageFROMtb_stuWHEREage='19'groupbydate<br />
<br />
十八对数据进行降序/升序查询<br />
SELECT字段名FROMtb_stuWHERE条件ORDERBY字段DESC降序<br />
SELECT字段名FROMtb_stuWHERE条件ORDERBY字段ASC升序<br />
注:对字段进行排序时若不指定排序方式，则默认为ASC升序<br />
<br />
十九对数据进行多条件查询<br />
SELECT字段名FROMtb_stuWHERE条件ORDERBY字段1ASC字段2DESC…<br />
注意:对查询信息进行多条件排序是为了共同限制记录的输出，一般情况下，由于不是单一条件限制，所以在输出效果上有一些差别。<br />
<br />
二十对统计结果进行排序<br />
函数SUM([ALL]字段名)或SUM([DISTINCT]字段名),可实现对字段的求和，函数中为ALL时为所有该字段所有记录求和,若为DISTINCT则为该字段所有不重复记录的字段求和<br />
如：SELECTname,SUM(price)ASsumpriceFROMtb_priceGROUPBYname<br />
<br />
SELECT*FROMtb_nameORDERBYmountDESC,priceASC<br />
<br />
二十一单列数据分组统计<br />
SELECTid,name,SUM(price)AStitle,dateFROMtb_priceGROUPBYpidORDERBYtitleDESC<br />
注:当分组语句groupby排序语句orderby同时出现在SQL语句中时，要将分组语句书写在排序语句的前面，否则会出现错误<br />
<br />
二十二多列数据分组统计<br />
多列数据分组统计与单列数据分组统计类似<br />
SELECT*，SUM(字段1*字段2)AS(新字段1)FROM表名GROUPBY字段ORDERBY新字段1DESC<br />
SELECTid,name,SUM(price*num)ASsumpriceFROMtb_priceGROUPBYpidORDERBYsumpriceDESC<br />
注：groupby语句后面一般为不是聚合函数的数列，即不是要分组的列<br />
<br />
二十三多表分组统计<br />
SELECTa.name,AVG(a.price),b.name,AVG(b.price)FROMtb_demo058ASa,tb_demo058_1ASbWHEREa.id=b.idGROUPBYb.type;<br />]]></descrīption>
			<pubDate>2015-08-08 09:55:14</pubDate>
			<author>wangjun</author>
			<guid>10</guid>
		</item>
	</channel>
</rss>